{
  "advanced": {
    "auc_roc": 0.7802116763378456,
    "precision": 0.4529123571039739,
    "recall": 0.6269781461944235,
    "f1": 0.5259165613147914,
    "accuracy": 0.75,
    "confusion_matrix": [
      [
        3668,
        1005
      ],
      [
        495,
        832
      ]
    ]
  },
  "baseline": {
    "auc_roc": 0.7426649364279171,
    "precision": 0.4694006309148265,
    "recall": 0.560663149962321,
    "f1": 0.510989010989011,
    "accuracy": 0.7626666666666667,
    "confusion_matrix": [
      [
        3832,
        841
      ],
      [
        583,
        744
      ]
    ]
  },
  "model_type": "xgboost",
  "n_train": 24000,
  "n_test": 6000,
  "default_rate": 0.2212,
  "features": [
    "limit_bal",
    "sex",
    "education",
    "marriage",
    "age",
    "pay_0",
    "pay_2",
    "pay_3",
    "pay_4",
    "pay_5",
    "pay_6",
    "bill_amt1",
    "bill_amt2",
    "bill_amt3",
    "bill_amt4",
    "bill_amt5",
    "bill_amt6",
    "pay_amt1",
    "pay_amt2",
    "pay_amt3",
    "pay_amt4",
    "pay_amt5",
    "pay_amt6",
    "avg_bill_amt",
    "avg_pay_amt",
    "credit_utilization",
    "months_delayed_count",
    "payment_trend"
  ]
}